Checked,File Name,Page URL,Page Type,Encoding,PREV,PAGE,NEXT,LAST,FIRST,failed,
T,1,https://forums.oneplus.net/threads/marsh-cm13.405700/,a,UTF-8,,".currentPage , .scrollable a",.text,.PageNavNext+ a,,,
T,2,https://forums.oneplus.net/threads/marsh-cm13.405700/page-5,a,UTF-8,.text:nth-child(1),".currentPage , .scrollable a",a+ .text,.PageNavNext+ a,.text+ a,,
T,3,https://forums.oneplus.com/threads/marsh-cm13.405700/page-349,a,UTF-8,.text,".currentPage , .scrollable a",,,.text+ a,,
T,4,https://www.sheetmusicplus.com/instruments,a,UTF-8,,,,,,,
T,5,https://oneplus.net/,a,UTF-8,,,,,,,
T,6,https://www.sheetmusicplus.com/instruments/bass-guitar-sheet-music/900046?isPLP=1&Ns=salesRank%7C1&recsPerPage=25&currentPage=1,a,UTF-8,,.pageNation li:not(:last-child) a,.pageNation li:last-child a,,,,
T,7,https://www.sheetmusicplus.com/instruments/bass-guitar-sheet-music/900046?isPLP=1&Ns=salesRank|1&recsPerPage=25&currentPage=3,a,UTF-8,.pageNation li:first-child a,.pageNation li:not(:last-child):not(:first-child) a,.pageNation li:last-child a,,,,
T,8,https://leetcode.com/,a,UTF-8,,,,,,,
T,9,http://www.civfanatics.ru/content/,a,UTF-8,,".pagination > span:nth-child(2) > a, .pagination > span:nth-child(3) a,.pagination > span:nth-child(4) a",.prev_next a,.first_last a,,,
T,10,https://www.mobile01.com/category.php?id=8,a,UTF-8,,,,,,,
T,11,https://www.mobile01.com/forumtopic.php?c=17,a,UTF-8,,.c-pagination:not(.c-pagination--next):not(.c-pagination--prev),.c-pagination--next,,,,
T,12,https://www.mobile01.com/topicdetail.php?f=383&t=6217437&p=2,a,UTF-8,.c-pagination--prev,.c-pagination:not(.c-pagination--next):not(.c-pagination--prev),.c-pagination--next,,,,
T,13,https://www.mobile01.com/topicdetail.php?f=383&t=6217437&p=8,a,UTF-8,.c-pagination--prev,.c-pagination:not(.c-pagination--next):not(.c-pagination--prev),.c-pagination--next,,,,
T,14,http://binarymarket.ru/category/strategy,a,UTF-8,,.page,.page-nav a:nth-child(3),,,,
T,15,http://binarymarket.ru/category/strategy/page/2,a,UTF-8,.page-nav a:nth-child(1),.page,,,,,
T,16,http://www.michelson.pl/,a,UTF-8,,,,,,,
T,17,http://www.michelson.pl/pierscionki-zareczynowe-1-html/,a,UTF-8,,".current+ li a , .pages li:nth-child(3) a , .pages li:nth-child(4) a , .pages li:nth-child(5) a",.i-next,,,,
T,18,http://www.michelson.pl/pierscionki-zareczynowe-1-html/?p=4,a,UTF-8,.i-previous,".pages li:nth-child(3) a , .pages li:nth-child(6) a , .current+ li a , .pages li:nth-child(2) a",.i-next,,,,
T,19,http://www.michelson.pl/pierscionki-zareczynowe-1-html/?p=10,a,UTF-8,.i-previous,".pager > div:nth-child(3) > ol > li:nth-child(2) a,.pager > div:nth-child(3) > ol > li:nth-child(3) a,.pager > div:nth-child(3) > ol > li:nth-child(4) a,.pager > div:nth-child(3) > ol > li:nth-child(5) a",,,,,
T,20,http://www.route41.fr/,a,UTF-8,,,,,,,
T,21,http://www.trioplast.com/brands/lundins/,a,UTF-8,,,,,,,
T,22,https://blog.icontact.com/,a,UTF-8,,".page-ctr a:nth-child(n+2), .page-ctr a.active",.next-link,.i-next a,,,
T,23,https://blog.icontact.com/page/5,a,UTF-8,.prev-link,".page-ctr > a:nth-child(n+2), .page-ctr a.active",.next-link,.i-next a,.i-prev a,,
T,24,http://allmonitors.net/,a,UTF-8,,,,,,,
T,25,http://rumorfix.com/,a,UTF-8,,.td-pb-padding-side > a.page,.td-pb-padding-side > a:nth-child(6),.td-pb-padding-side > a.last,,,
T,26,http://rumorfix.com/page/4/,a,UTF-8,.td-pb-padding-side > a:nth-child(1),.td-pb-padding-side > a.page,.td-pb-padding-side > a:nth-child(9),.td-pb-padding-side > a.last,.td-pb-padding-side > a.first,,
T,27,https://www.chinatimes.com/?chdtv,a,UTF-8,,,,,,,
T,28,https://www.safarinow.com/,a,UTF-8,,,,,,,
T,29,https://www.gov.taipei/News.aspx?n=D0042A87C2F0270A&sms=78D644F2755ACCAA,a,UTF-8,,.page a,,,,,
T,30,https://www.gov.taipei/News.aspx?n=D0042A87C2F0270A&sms=78D644F2755ACCAA&page=3&PageSize=20,a,UTF-8,,.page a,,,,,
T,31,https://www.gov.taipei/News.aspx?n=D0042A87C2F0270A&sms=78D644F2755ACCAA&page=30&PageSize=20,a,UTF-8,,.page a,,,,,
T,32,https://www.gov.taipei/News.aspx?n=D0042A87C2F0270A&sms=78D644F2755ACCAA&page=386&PageSize=20,a,UTF-8,,.page a,,,,,
T,33,http://tomandlorenzo.com/,a,UTF-8,,".page-numbers:nth-child(2), .page-numbers:nth-child(3)",.next,.dots+ .page-numbers,,,
T,34,http://tomandlorenzo.com/page/3/,a,UTF-8,.prev,".page-numbers:nth-child(2), .page-numbers:nth-child(3),.page-numbers:nth-child(5), .page-numbers:nth-child(6)",.next,.dots+ .page-numbers,,,
T,35,http://tomandlorenzo.com/page/765/,a,UTF-8,.prev,".page-numbers:nth-child(4), .page-numbers:nth-child(5)",,,.pagination > a:nth-child(2),,
T,36,https://www.barnesandnoble.com/b/books/_/N-1fZ29Z8q8?Nrpp=20&page=1,a,UTF-8,.back-button,.pagination a:not(.back-button):not(.next-button),.next-button,,,,
T,37,https://www.barnesandnoble.com/b/books/_/N-1fZ29Z8q8?Nrpp=20&page=3,a,UTF-8,.back-button,.pagination a:not(.back-button):not(.next-button),.next-button,,,,
T,38,https://www.barnesandnoble.com/b/books/_/N-1fZ29Z8q8?Nrpp=20&page=5,a,UTF-8,.back-button,.pagination a:not(.back-button):not(.next-button),.next-button,,,,
T,39,https://www.ptt.cc/bbs/C_Chat/index17500.html,a,UTF-8,.btn.wide:nth-child(3),,.btn.wide:nth-child(2),.btn.wide:first-child,.btn.wide:last-child,,
T,40,https://www.ncu.edu.tw/en/campus/news/1,a,UTF-8,,,td a,,,,
T,41,http://www.askdin.com/,a,UTF-8,,,,,,,
T,42,http://askdin.com/thread/%D8%A2%DB%8C%D8%A7-%DA%AF%D9%86%D8%A7%D9%87%D8%A7%D9%86-%D8%A7%D9%85%D8%AA-%D9%BE%DB%8C%D8%A7%D9%85%D8%A8%D8%B1%D8%B5-%D8%A2%D9%85%D8%B1%D8%B2%DB%8C%D8%AF%D9%87-%D8%A7%D8%B3%D8%AA%D8%9F,a,UTF-8,,,,,,,
T,43,http://juragancipir.com/forums/forum/diskusi-blog/,a,UTF-8,,a.page-numbers:not(.next),a.next.page-numbers,,,,
T,44,http://juragancipir.com/forums/forum/diskusi-blog/page/2/,a,UTF-8,.prev,a.page-numbers:not(.next):not(.prev),a.next.page-numbers,,,,
T,45,http://juragancipir.com/forums/forum/diskusi-blog/page/20/,a,UTF-8,.prev,a.page-numbers:not(.next):not(.prev),a.next.page-numbers,,,,
T,46,https://citysquares.com/,a,UTF-8,,.page > a,.next > a,.last > a,,,
T,47,https://citysquares.com/home/index?page=5,a,UTF-8,.prev > a,.page > a,.next > a,.last > a,.first > a,,
T,48,http://www.noobmeter.com/player/ru/BeceJIoE_DNO/25506082/,a,UTF-8,,,,,,,
T,49,http://www.noobmeter.com/clanTop/ru/WN8/,a,UTF-8,,,,,,,
T,50,http://themestotal.com/,a,UTF-8,,,,,,,
T,51,http://www.debijenkorf.nl/herenmode/jassen,a,UTF-8,,,,,,,
T,52,https://www.tripadvisor.ru/Restaurant_Review-g188590-d1531839-Reviews-Le_Restaurant-Amsterdam_North_Holland_Province.html#REVIEWS,a,UTF-8,,,,,,,
T,53,http://www.zoover.nl/nederland/noord-holland/amsterdam/movenpick-amsterdam-city-centre/hotel,a,UTF-8,,._83hzenls > div > a,._83hzenls > a,,,,
T,54,http://www.notebooksbilliger.de/forum,a,cp1252,,"a:nth-child(8) .activ_link , a:nth-child(10) .activ_link , a:nth-child(14) .activ_link , a:nth-child(12) .activ_link",a:nth-child(16) .activ_link,a:nth-child(18) .activ_link,,,
T,55,http://www.notebooksbilliger.de/forum/Aktuelle+Themen/Seite/3,a,cp1252,a:nth-child(4) .activ_link,"a:nth-child(10) .activ_link , a:nth-child(14) .activ_link , a:nth-child(12) .activ_link , a:nth-child(8) .activ_link , a:nth-child(6) .activ_link",a:nth-child(16) .activ_link,a:nth-child(18) .activ_link,.dead_link_title+ a .activ_link,,
T,56,https://www.jwpepper.com/sheet-music/search.jsp?redirect=pop-concert-band-music&pageview=list-view&perPage=12&startIndex=0,a,cp1252,,#pagination a:not(.pagin-progress-arrow),#pagination a.pagin-progress-arrow,,,,
T,57,https://www.jwpepper.com/sheet-music/search.jsp?pageview=list-view&perPage=12&perPage=12&redirect=pop-concert-band-music&startIndex=24&perPage=12,a,cp1252,#pagination a.pagin-progress-arrow:nth-child(1),#pagination a:not(.pagin-progress-arrow),#pagination a.pagin-progress-arrow:last-child,,,,
T,58,http://www.zone-concours.com/forum/temoignages-f26.html,a,UTF-8,,.pagination span a,,,,,
T,59,http://www.zone-concours.com/forum/jeux-zelda-pour-ds-dsi-et-3ds-gratuit-t190.html,a,UTF-8,,,,,,,
T,60,http://forum.astral-guild.net/board/24/,a,UTF-8,,,table+ #bb a,,,,
T,61,http://forum.astral-guild.net/board/24/?page=1,a,UTF-8,table+ #bb a:nth-child(1),,,,,,
T,62,http://forum.flyordie.com/,a,UTF-8,,,,,,,
T,63,http://forum.flyordie.com/forum.jsp?forum=2,a,UTF-8,,font > a:nth-child(n+3):not(:last-child),font > a:nth-child(n+3):last-child,,,,
T,64,http://forum.flyordie.com/forum.jsp?forum=2&start=30&thRange=15,a,UTF-8,.forum:nth-child(2),font > a:nth-child(n+3):not(:last-child),.forum:nth-child(13),,,,
T,65,https://forum.mindfactory.de/forum.php,a,iso8859-15,,,,,,,
T,66,https://forum.mindfactory.de/f42-bestellungen?s=1d0f438e682374556630f48524e4a39b,a,iso8859-15,,.threadpagenav span:nth-child(n+4):nth-last-child(n+4) > a,.prev_next a,.first_last a,,,
T,67,https://forum.mindfactory.de/f42-bestellungen-101.html,a,iso8859-15,.first_last+ .prev_next a,.threadpagenav span:nth-child(n+5):nth-last-child(n+4) > a,.separator+ .prev_next a,.prev_next+ .first_last a,.first_last:nth-child(3) a,,
T,68,https://playrust.com/,a,UTF-8,,,,,,,
T,69,https://www.themusiczoo.com/,a,UTF-8,,,,,,,
T,70,http://www.juanmerodio.com/,a,UTF-8,,,,,,,
T,71,http://www.regtransfers.co.uk/,a,UTF-8,,,,,,,
T,72,http://www.regtransfers.co.uk/content/marketing-your-business/most-expensive-240215/,a,UTF-8,,,,,,,
T,73,https://www.csie.ncu.edu.tw/,a,UTF-8,,,,,,,
T,74,http://www.pokemonpets.com/,a,UTF-8,,,,,,,
T,75,http://www.pokemonpets.com/Pokedex,a,UTF-8,.pagination_Prev,".pagination_Not_Selected , .pagination_Selected",.pagination_Next,,,,
T,76,http://forum.pokemonpets.com/,a,UTF-8,,,,,,,
T,77,http://forum.pokemonpets.com/memberlist.php,a,UTF-8,,.pagination li:nth-child(n+1):nth-last-child(n+4) a,.pagination a.tt,,,,
T,78,http://forum.pokemonpets.com/memberlist.php?sort=regdate&order=ascending&perpage=20&page=11,a,UTF-8,.pagination li:first-child a.tt,.pagination li:nth-child(n+2):nth-last-child(n+4) a,.pagination li:nth-last-child(3) a,,,,
T,79,http://forum.pokemonpets.com/Calendar-Default-Calendar,a,UTF-8,,,,,,,
T,80,http://streetstorm.ru/blog/,a,cp1251,,.text a:nth-child(n):nth-last-child(n+4),a:nth-child(6),a:nth-child(7),,,
T,81,http://streetstorm.ru/blog/index.php?PAGEN_1=5,a,cp1251,.text a:nth-child(2),.text a:nth-child(n+4):nth-last-child(n+5),.text a:nth-last-child(3),.text a:nth-last-child(2),.text a:nth-child(1),,
T,82,http://ediaryhiroko.com/,a,UTF-8,,,,,,,
T,83,http://indomotoblog.net/,a,UTF-8,,,,,,,
T,84,http://www.taximobility.com/blog/,a,UTF-8,,.inactive,.pagination a:nth-child(4),.pagination a:nth-child(5),,,
T,85,http://www.taximobility.com/blog/page/4/,a,UTF-8,.pagination a:nth-child(2),.inactive,.pagination a:nth-child(8),.pagination a:nth-child(9),.pagination a:nth-child(1),,
T,86,https://iphone-lab.net/,a,UTF-8,,,,,,,
T,87,https://iphone-lab.net/articles/,a,UTF-8,,a.page-numbers:not(.next),.next,,,,
T,88,https://iphone-lab.net/articles/page/9/,a,UTF-8,.prev,a.page-numbers:not(.next):not(.prev),.next,,,,
T,89,https://www.nostalgieimkinderzimmer.de/neuheiten.html,a,UTF-8,,,.listing--paging.panel--paging > a:nth-child(2),.listing--paging.panel--paging > a:nth-child(3),,,
T,90,https://www.nostalgieimkinderzimmer.de/neuheiten.html?p=2&o=2&n=40,a,UTF-8,.listing--paging.panel--paging > a:nth-child(2),,.listing--paging.panel--paging > a:nth-child(4),.listing--paging.panel--paging > a:nth-child(5),.listing--paging.panel--paging > a:nth-child(1),,
T,91,http://www.serverworlds.com/blog/,a,UTF-8,,.PagingList a,#CategoryPagingBottom .FloatRight a,,,,
T,92,http://www.serverworlds.com/blog/?page=5,a,UTF-8,.FloatLeft a,.PagingList a,#CategoryPagingBottom .FloatRight a,,,,
T,93,http://washington.org/find-dc-listings/dc-events,a,UTF-8,,,,,,,
T,94,https://planetwordmuseum.org/?utm_source=website&utm_medium=washingtonorg&utm_content=planetword&utm_campaign=dc-events,a,UTF-8,,,,,,,
T,95,https://www.nycgovparks.org/events,a,UTF-8,,.parks_pages a:not(:nth-last-child(-n+3)),.parks_pages a:last-child,.parks_pages a:nth-last-child(2),,,
T,96,https://www.nycgovparks.org/events/p188,a,UTF-8,.parks_pages a:nth-child(2),.parks_pages a:nth-child(n+3):nth-last-child(n+3),.parks_pages a:last-child,.parks_pages a:nth-last-child(2),,,
T,97,https://www.nycgovparks.org/events/p27,a,UTF-8,.parks_pages a:nth-child(2),.parks_pages a:not(:nth-last-child(n+6)),,,.parks_pages a:nth-child(3),,
T,98,https://taylormorriseyewear.com/collections/all?limit=15,a,UTF-8,,,,,,,
T,99,http://gamingshogun.com/,a,UTF-8,,a.page-numbers:not(.next),.next,,,,
T,100,http://gamingshogun.com/page/19/,a,UTF-8,.prev,a.page-numbers:not(.next):not(.prev),.next,,,,
T,101,http://gamingshogun.com/page/1600/,a,UTF-8,.prev,a.page-numbers:not(.next):not(.prev),.next,,,,
T,102,https://arcacenter.com.br/,a,UTF-8,,,,,,,
T,103,https://arcacenter.com.br/lancamentos.html,a,UTF-8,,a.page,.pages-item-next a,,,,
T,104,https://arcacenter.com.br/lancamentos?p=4,a,UTF-8,.pages-item-previous a,a.page,,,,,
T,105,https://www.disfracesjarana.com/,a,UTF-8,,,,,,,
T,106,https://www.disfracesjarana.com/disfraces-halloween-para-nino.html,a,UTF-8,,.pages a:not(.next),a.next,,,,
T,107,https://www.disfracesjarana.com/disfraces-halloween-para-nino.html?p=3,a,UTF-8,a.previous,.pages a:not(.previous):not(.next),a.next,,,,
T,108,https://www.infor-ingen.com/tienda/,a,UTF-8,,,,,,,
T,109,https://www.infor-ingen.com/tienda/index.php?route=product/category&path=61_68,a,cp1252,,.pagination li:nth-child(-n+3) a,.pagination li:nth-child(4) a,.pagination li:nth-child(5) a,,,
T,110,https://www.infor-ingen.com/tienda/index.php?route=product/category&path=75_77&page=3,a,cp1252,.pagination li:nth-child(2) a,.pagination li:nth-child(n+3):nth-last-child(n+3) a,.pagination li:nth-last-child(2) a,.pagination li:nth-last-child(1) a,.pagination li:nth-child(1) a,,
T,111,https://www.royaltyfreemusicclips.com/,a,cp1252,,.pagenations a:not(.next),.next,,,,
T,112,https://www.royaltyfreemusicclips.com/royaltyfreemusic/page7,a,cp1252,.pagenations li:nth-child(1) a.next,.pagenations a:not(.next),.pagenations li:nth-last-child(1) a.next,,,,
T,113,https://www.icelandair.com/no-no/,a,UTF-8,,,,,,,
T,114,https://www.icelandair.com/no-no/blog/,a,UTF-8,,,,,,,
T,115,http://ecochildsplay.com/,a,UTF-8,,,,,,,
T,116,http://ecochildsplay.com/category/parenting/,a,UTF-8,,.pagination li:not(:last-child) a,.pagination-next a,,,,
T,117,https://ecochildsplay.com/category/parenting/page/130/,a,UTF-8,.pagination-previous a,.pagination li:not(:last-child):not(:first-child) a,.pagination-next a,,,,
T,118,https://ecochildsplay.com/category/parenting/page/163/,a,UTF-8,.pagination-previous a,.pagination li:not(:first-child) a,,,,,
T,119,https://ecochildsplay.com/2008/01/05/acting-green-by-acting-retro-food-storage-the-old-fashioned-way/#comments,a,UTF-8,,,,,,,
T,120,http://ecochildsplay.com/2015/05/,a,UTF-8,,.pagination li:not(:last-child) a,.pagination-next a,,,,
T,121,https://ecochildsplay.com/2015/05/page/3/,a,UTF-8,.pagination-previous a,.pagination li:not(:first-child) a,,,,,
T,122,https://www.modaynovias.net/,a,UTF-8,,a.page-numbers:not(.next),a.next,,,,
T,123,https://www.modaynovias.net/page/20,a,UTF-8,a.prev,a.page-numbers:not(.next):not(.prev),a.next,,,,
T,124,https://www.modaynovias.net/consigue-unas-unas-con-esmalte-reptil.html#more-5969,a,UTF-8,,,,,,,
T,125,http://www.thefrumps.com/,a,UTF-8,,,,,,,
T,126,http://kijonan.com/,a,UTF-8,,,,,,,
T,127,http://inmykonos.com/,a,UTF-8,,,,,,,
T,128,http://inmykonos.com/news.html,a,UTF-8,.disabled,"#content .active , .active+ .btn",.active~ .btn+ .btn,,,,
T,129,http://inmykonos.com/shop-in-mykonos/fashion.html,a,UTF-8,,,.next,,,,
T,130,http://inmykonos.com/shop-in-mykonos/fashion.html?page=3,a,UTF-8,.prev,,.next,,,,
T,131,http://labuenasemilla.net/,a,UTF-8,,,,,,,
T,132,https://masterhorologer.com/,a,UTF-8,,a.page-numbers:not(.next),a.next,,,,
T,133,https://masterhorologer.com/page/3/,a,UTF-8,a.prev,a.page-numbers:not(.next):not(.prev),a.next,,,,
T,134,https://masterhorologer.com/search?updated-max=2016-03-18T09:57:00-05:00&max-results=1&start=2&by-date=false,a,UTF-8,,,,,,,
T,135,https://masterhorologer.com/promotions-sponsored-paid-articles-blogs-webpages-for-luxury-watch-brands-retailers-marketers/,a,UTF-8,,,,,,,
T,136,https://masterhorologer.com/category/novelties-2020/page/23/,a,UTF-8,a.prev,a.page-numbers:not(.prev),,,,,
T,137,http://mightyfingers.com/,a,UTF-8,,,,,,,
T,138,http://mightyfingers.com/blog/,a,UTF-8,.nav-previous a,,,,,,
T,139,http://mightyfingers.com/blog/page/4/,a,UTF-8,.nav-previous a,,.nav-next a,,,,
T,140,https://www.fashionlush.com/,a,UTF-8,,.inactive,.pagination a:nth-child(5),.pagination a:nth-child(6),,,
T,141,https://www.fashionlush.com/page/3/,a,UTF-8,.pagination a:nth-child(2),.inactive,.pagination a:nth-child(8),.pagination a:nth-child(9),,,
T,142,http://educationhp.org/index.html,a,UTF-8,,,,,,,
T,143,http://pcbheaven.com/,a,cp1252,center a.title,,,,,,
T,144,http://www.pcbheaven.com/opendir/?p=0,a,cp1252,li:nth-child(1) .prevnext,li+ li a,a+ li .prevnext,,,,
T,145,http://www.pcbheaven.com/opendir/?p=17,a,cp1252,li:nth-child(1) .prevnext,li+ li a,a+ li .prevnext,,,,
T,146,http://www.pcbheaven.com/forum/,a,cp1252,,,,,,,
T,147,http://www.pcbheaven.com/forum/index.php?board=18.0,a,cp1252,,.navPages,,,,,
T,148,https://dibru.ac.in/,a,UTF-8,,,,,,,
T,149,https://dibru.ac.in/news-events-archive/?limit=10&start=80,a,UTF-8,,a.page-numbers:not(.next),a.next,,,,
T,150,https://dibru.ac.in/news-events-archive/page/3/?limit=10&start=80,a,UTF-8,a.prev,a.page-numbers:not(.next):not(.prev),a.next,,,,
T,151,https://dibru.ac.in/news-events-archive/page/10/?limit=10&start=80,a,UTF-8,a.prev,a.page-numbers:not(.next):not(.prev),a.next,,,,
T,152,https://www.aussiev8.com.au//,a,cp1252,,,,,,,
T,153,https://www.themusiczoo.com/pages/about-us,a,UTF-8,,,,,,,
T,154,https://www.baldur-garten.ch/,a,UTF-8,,,,,,,
T,155,https://www.baldur-garten.ch/search/result.html?query=*&filter=Farbe&option=mehrfarbig,a,UTF-8,,.paginator a:not(.paginator__button--next),.paginator__button--next,,,,
T,156,https://www.baldur-garten.ch/search/result.html?page=8&pageSize=32,a,UTF-8,.paginator__button--prev,.paginator a:not(.paginator__button--next):not(.paginator__button--prev),.paginator__button--next,,,,
T,157,https://www.baldur-nederland.nl/unterkategorie/Blumenstauden/Vaste+planten/Bloeiende+struiken/detail.html,a,UTF-8,,.paginator a:not(.paginator__button--next),.paginator__button--next,,,,
T,158,https://www.baldur-nederland.nl/unterkategorie/Blumenstauden/Vaste+planten/Bloeiende+struiken/detail.html?page=4&pageSize=32,a,UTF-8,.paginator__button--prev,.paginator a:not(.paginator__button--prev),,,,,
T,159,http://www.darkveins.com/,a,UTF-8,,,,,,,
T,160,http://www.darkveins.com/horror-news/,a,UTF-8,,.page,#tie-next-page a,.last,,,
T,161,http://www.darkveins.com/horror-news/page/20/,a,UTF-8,a:nth-child(5),.page,#tie-next-page a,.last,.first,,
T,162,https://www.amazon.co.jp/s?k=python&rh=n%3A52033011%2Cn%3A2635094051&dc&__mk_ja_JP=%E3%82%AB%E3%82%BF%E3%82%AB%E3%83%8A&qid=1602477565&rnid=2321267051&ref=sr_nr_n_15,a,UTF-8,,".a-normal a, .a-selected a",.a-last a,,,,
T,163,https://www.amazon.co.jp/s?k=python&i=english-books&rh=n%3A52033011%2Cn%3A2635094051&dc&page=3&__mk_ja_JP=%E3%82%AB%E3%82%BF%E3%82%AB%E3%83%8A&qid=1603253436&rnid=2321267051&ref=sr_pg_3,a,UTF-8,.a-pagination li:first-child a,".a-normal a, .a-selected a",.a-last a,,,,
T,164,https://www.amazon.co.jp/s?k=python&i=english-books&rh=n%3A52033011%2Cn%3A2635094051&dc&page=15&__mk_ja_JP=%E3%82%AB%E3%82%BF%E3%82%AB%E3%83%8A&qid=1603699998&rnid=2321267051&ref=sr_pg_4,a,UTF-8,.a-pagination li:first-child a,".a-normal a, .a-selected a",.a-last a,,,,
T,165,https://www.amazon.co.jp/s?k=python&i=english-books&rh=n%3A52033011%2Cn%3A2635094051&dc&page=59&__mk_ja_JP=%E3%82%AB%E3%82%BF%E3%82%AB%E3%83%8A&qid=1603699998&rnid=2321267051&ref=sr_pg_4,a,UTF-8,.a-pagination li:first-child a,".a-normal a, .a-selected a",,,,,
T,166,https://event.culture.tw/BOCH/,a,UTF-8,,,,,,,
T,167,https://kktix.com/,a,UTF-8,,,,,,,
T,168,https://kktix.com/events,a,UTF-8,,.pagination li:not(:last-child) a,.pagination li:not(.active):last-child a,,,,
T,169,https://kktix.com/events?page=4,a,UTF-8,.pagination li:not(.active):first-child a,.pagination li:not(:last-child):not(:first-child) a,.pagination li:not(.active):last-child a,,,,
T,170,https://www.books.com.tw/?loc=tw_logo_001,a,UTF-8,,,,,,,
T,171,https://search.books.com.tw/search/query/key/python/cat/all,a,UTF-8,.page .prv,.page a:not(.prv):not(.nxt),.page .nxt,,,,
T,172,https://search.books.com.tw/search/query/cat/all/key/python/sort/1/ms2/ms2_1/page/6/v/0/,a,UTF-8,.page .prv,.page a:not(.prv):not(.nxt),.page .nxt,,,,
T,173,https://www.books.com.tw/web/sys_saletopb/books/01/?loc=P_0120_001,a,UTF-8,,,,,,,
T,174,https://www.ithome.com.tw/,a,UTF-8,,,,,,,
T,175,https://www.ithome.com.tw/big-data,a,UTF-8,,.pagination li:not(.last) a,.pagination .last a,,,,
T,176,https://www.ithome.com.tw/big-data?page=6,a,UTF-8,.pagination .first a,.pagination li:not(.first):not(.last) a,.pagination .last a,,,,
T,177,https://intel.ithome.com.tw/,a,UTF-8,,,,,,,
T,178,https://www.chinatimes.com/politic/total?chdtv,a,UTF-8,,.page-item:nth-child(n+4):nth-last-child(n+3),.page-item:nth-last-child(2) a,.page-item:nth-last-child(1) a,,,
T,179,https://www.chinatimes.com/politic/total?page=5&chdtv,a,UTF-8,.page-item:nth-child(2) a,.page-item:nth-child(n+4):nth-last-child(n+3),.page-item:nth-last-child(2) a,.page-item:nth-last-child(1) a,.page-item:nth-child(1) a,,
T,180,https://www.chinatimes.com/politic/total?page=10&chdtv,a,UTF-8,.page-item:nth-child(2) a,.page-item:nth-child(n+4):nth-last-child(n+3),,,.page-item:nth-child(1) a,,
T,181,https://www.teepr.com/category/%e7%b6%b2%e4%ba%ba365/%e4%bb%8a%e6%97%a5%e7%b4%85%e4%bb%80%e9%ba%bc/,a,UTF-8,,.pagination a:nth-last-child(n+3),.next,.last,,,
T,182,https://www.teepr.com/category/%e7%b6%b2%e4%ba%ba365/%e4%bb%8a%e6%97%a5%e7%b4%85%e4%bb%80%e9%ba%bc/page/4/,a,UTF-8,.previous,.pagination a:nth-child(n+3):nth-last-child(n+3),.next,.last,,,
T,183,https://www.teepr.com/category/%e7%b6%b2%e4%ba%ba365/%e4%bb%8a%e6%97%a5%e7%b4%85%e4%bb%80%e9%ba%bc/page/33/,a,UTF-8,.previous,.pagination a:nth-child(n+4),,,.first,,
T,184,http://www11.eyny.com/forum-4504-1.html,a,UTF-8,,.pg a:not(.nxt),.nxt,,,,
T,185,http://www11.eyny.com/index.php,a,UTF-8,,,,,,,
T,186,http://www11.eyny.com/forum-88-1.html,a,UTF-8,,.pg a:not(.nxt):not(.last),.nxt,.last,,,
T,187,http://www11.eyny.com/forum-88-3XMTFCF8.html,a,UTF-8,.prev,.pg a:not(.nxt):not(.last):not(.prev),.nxt,.last,,,
T,188,http://www11.eyny.com/forum-88-F0P5KYJP.html,a,UTF-8,.prev,.pg a:not(.first):not(.prev),,,.first,,
T,189,https://ec.ltn.com.tw/list/investment,a,UTF-8,,,,,,,
T,190,https://www.gamer.com.tw/,a,UTF-8,,,,,,,
T,191,https://forum.gamer.com.tw/B.php?bsn=7650,a,UTF-8,,.BH-pagebtnA a,.next,,,,
T,192,https://forum.gamer.com.tw/B.php?page=4&bsn=7650,a,UTF-8,.prev,.BH-pagebtnA a,.next,,,,
T,193,https://forum.gamer.com.tw/B.php?page=234&bsn=7650,a,UTF-8,.prev,.BH-pagebtnA a,,,,,
T,194,https://forum.gamer.com.tw/G1.php?bsn=23805,a,UTF-8,,,,,,,
T,195,https://forum.gamer.com.tw/A.php?bsn=23805,a,UTF-8,,,,,,,
T,196,https://news.ebc.net.tw/,a,UTF-8,,,,,,,
T,197,https://news.ebc.net.tw/hot,a,UTF-8,,.page-area > div a:not(:last-child),.page-area > div a:last-child,,,,
T,198,https://news.ebc.net.tw/hot?page=3,a,UTF-8,.page-area > div a:first-child,.page-area > div a:not(:last-child):not(:first-child),.page-area > div a:last-child,,,,
T,199,https://news.ebc.net.tw/hot?page=6,a,UTF-8,.page-area > div a:first-child,.page-area > div a:not(:first-child),,,,,
T,200,https://www.pixnet.net/blog,a,UTF-8,,,,,,,
T,201,https://www.pixnet.net/blog/articles/group/1,a,UTF-8,.page a.page-back,.page a:not(.page-back):not(.page-next),.page a.page-next,,,,
T,202,https://www.pixnet.net/blog/articles/group/1/hot/11,a,UTF-8,.page a.page-back,".page a:nth-child(n+4):not(.page-next), .page a:nth-child(2)",.page a.page-next,,,,
T,203,https://www.musicarts.com/folk-traditional-instruments?page=1&sort_by=topseller-descending,button,UTF-8,,.pagination li:not(:nth-last-child(2)) > button.ng-scope,.pagination-next button,.pagination li:nth-last-child(2) > button.ng-scope,,,
T,204,https://www.musicarts.com/folk-traditional-instruments?page=4,button,UTF-8,.pagination-previous button,.pagination li:not(:nth-last-child(2)) > button.ng-scope,.pagination-next button,.pagination li:nth-last-child(2) > button.ng-scope,,,
T,205,https://www.musicarts.com/folk-traditional-instruments?page=16,button,UTF-8,.pagination-previous button,.pagination li:not(:nth-last-child(2)):not(:nth-child(2)) > button.ng-scope,.pagination-next button,.pagination li:nth-last-child(2) > button.ng-scope,.pagination li:nth-child(2) > button.ng-scope,,
T,206,https://www.musicarts.com/folk-traditional-instruments?page=47,button,UTF-8,.pagination-previous button,.pagination li:not(:nth-child(2)) > button.ng-scope,,,.pagination li:nth-child(2) > button.ng-scope,,
T,207,https://www.themusiczoo.com/collections/new-arrivals,a,UTF-8,,.pagination-page li:not(:last-child) a,.pagination-page li:last-child a,,,,
T,208,https://www.themusiczoo.com/collections/new-arrivals?page=3,a,UTF-8,.pagination-page li:first-child a,.pagination-page li:not(:last-child):not(:first-child) a,.pagination-page li:last-child a,,,,
T,209,https://www.themusiczoo.com/collections/new-arrivals?page=6,a,UTF-8,.pagination-page li:first-child a,.pagination-page li:not(:last-child):not(:first-child) a,.pagination-page li:last-child a,,,,
T,210,http://www.zoeken.nu/115755/bedrijf/rabobank-drechtsteden.html,a,cp1252,,,,,,,
T,211,https://www.mypapershop.com/patricks-day-supplies.html,a,UTF-8,,.searchspring-pageSelect,.searchspring-next,,,,
T,212,https://www.mypapershop.com/mm5/merchant.mvc?Session_ID=56e7cf6116038eec3b953a976519a103&Store_Code=MPS&Screen=CTGY&Category_Code=patricks-day-supplies&CatListingOffset=24&Offset=24&Per_Page=24&Sort_By=disp_order,a,UTF-8,.searchspring-previous,.searchspring-pageSelect,.searchspring-next,,,,
T,213,https://www.mypapershop.com/mm5/merchant.mvc?Session_ID=56e7cf6116038eec3b953a976519a103&Store_Code=MPS&Screen=CTGY&Category_Code=patricks-day-supplies&CatListingOffset=48&Offset=48&Per_Page=24&Sort_By=disp_order,a,UTF-8,.searchspring-previous,.searchspring-pageSelect,,,,,
T,214,http://www.newschittagong24.com/,a,UTF-8,,,,,,,
T,215,http://www.newschittagong24.com/?cat=1,a,UTF-8,,.page,a:nth-child(7),.last,,,
T,216,http://www.newschittagong24.com/?cat=1&paged=5,a,UTF-8,a:nth-child(4),.page,a:nth-child(10),.last,.first,,
T,217,http://www.newschittagong24.com/?cat=1&paged=1422,a,UTF-8,a:nth-child(7),.page,,,.first,,
T,218,https://www.icontact.com/blog,a,UTF-8,,,.next_posts,,,,
T,219,https://www.icontact.com/blog/page/2,a,UTF-8,.prev_posts,,.next_posts,,,,
T,220,http://rumorfix.com/page/1097/,a,UTF-8,.prev,.page-numbers+ a,,,,,
T,221,http://forums.pdfforge.org/categories/help,a,UTF-8,,"#PagerBefore li:nth-child(10) a , #PagerBefore li:nth-child(8) a , #PagerBefore li:nth-child(7) a , #PagerBefore li:nth-child(6) a , #PagerBefore li:nth-child(5) a , #PagerBefore li:nth-child(4) a , .active+ li a , .Highlight",.Next,,,,
T,222,http://forums.pdfforge.org/categories/help/p6,a,UTF-8,.Previous,"#PagerBefore li:nth-child(12) a , #PagerBefore li:nth-child(10) a , #PagerBefore li:nth-child(9) a , .active+ li a , .Highlight , #PagerBefore li:nth-child(6) a , #PagerBefore li:nth-child(5) a , #PagerBefore li:nth-child(4) a , #PagerBefore li:nth-child(2) a",.Next,,,,
T,223,http://forums.pdfforge.org/categories/help/p204,a,UTF-8,.Previous,#PagerBefore li+ li a,,,,,
T,224,http://www.pref.kyoto.jp/visitkyoto/en/info_required/traditional/kyoto_city/,a,cp1252,,,,,,,
T,225,http://tomandlorenzo.com/page/673/,a,UTF-8,.prev,.page-numbers+ a,,,,,
T,226,http://bitterkittens.com/categories/the-t-lounge,a,UTF-8,,"#PagerAfter a:nth-child(4) , .Highlight , .Highlight+ a , #PagerBefore a:nth-child(4) , a:nth-child(5) , a:nth-child(6) , a:nth-child(7) , a:nth-child(8) , .Ellipsis+ a , .MiniPager a",.Next,,,,
T,227,http://bitterkittens.com/categories/the-t-lounge/p8,a,UTF-8,.Previous,".MiniPager a , a:nth-child(10) , a:nth-child(9) , a:nth-child(8) , .Highlight+ a , .Highlight , a:nth-child(5) , .Ellipsis+ a , .Previous+ a",.Next,,,,
T,228,http://bitterkittens.com/discussion/868/kittentariat-open-chat-11-the-lounge-is-open,a,UTF-8,,"#PagerAfter a:nth-child(4) , a:nth-child(5) , #PagerBefore a:nth-child(4) , .Highlight+ a , .Highlight",.Next,,,,
T,229,http://www.gekiura.com/news/2016310/,a,UTF-8,.page_prev a,,,,,,
T,230,http://www.gekiura.com/news/201639/,a,UTF-8,.page_prev a,,.page_next a,,,,
T,231,http://www.askdin.com/thread53668-3.html#post783075,a,UTF-8,.prev_next a,.prev_next~ span a,,,.first_last a,,
T,232,https://www.fbo.gov/index?s=opportunity&mode=list&tab=list,a,cp1252,,".lst-pg a:nth-child(3) , a:nth-child(4) , a:nth-child(5) , a:nth-child(6) , a:nth-child(7) , a:nth-child(9) , b+ a",a:nth-child(8),,,,
T,233,http://citysquares.com/,a,UTF-8,,,,,,,
T,234,http://themestotal.com/page/3,a,UTF-8,.pagination li:nth-child(1) a,".pagination li:nth-child(8) a , .pagination li:nth-child(7) a , .pagination li:nth-child(6) a , .disabled+ li a , .disabled a , .pagination li:nth-child(3) a , .pagination li:nth-child(2) a",.pagination li:nth-child(9) a,,,,
T,235,http://www.debijenkorf.nl/action/ViewParametricSearch-Browse?fh_location=%2F%2Fcatalog01%2Fnl_NL%2Fcategories%3C%7Bcatalog01_80%7D%2Fcategories%3C%7Bcatalog01_80_4460%7D&fh_start_index=96&chl=1&cg=ig_unregisteredusers&fh_sort=-voorraad_indication%2C-%24ranking_startseason_fashion&fh_modification=95141968-0070-4557-8f2a-fa8373852e2e%2Cf4f86d85-8605-4caf-8963-72453bcb2976%2C273671b4-51a7-474f-b06c-b5e29969095a%2Ccb7dad1a-a063-4154-a8e9-0d78c7b1714e%2Ce6feca0d-a97e-49a6-8602-e654ca5ceac6%2C5fc7fb12-4e7a-4b28-8957-52c11882c221%2C,a,UTF-8,.dbk-pagination--link:nth-child(1) .dbk-link,".dbk-pagination--link:nth-child(10) .dbk-link , .dbk-pagination--link:nth-child(8) .dbk-link , .dbk-pagination--link:nth-child(7) .dbk-link , .dbk-link.active , .dbk-pagination--link:nth-child(5) .dbk-link , .dbk-pagination--link:nth-child(4) .dbk-link , .dbk-pagination--link:nth-child(2) .dbk-link",.dbk-pagination--link:nth-child(11) .dbk-link,,,,
T,236,http://www.iens.nl/restaurant/10545/enschede-rhodos/recensie#6,a,UTF-8,,".pagination_active , .pagination_active+ a",.pagination_next,,,,
T,237,http://www.amazon.com/Python-Data-Analysis-Wes-McKinney/product-reviews/1449319793/ref=cm_cr_dp_see_all_btm?ie=UTF8&showViewpoints=1&sortBy=bySubmissionDateDescending,a,UTF-8,,.page-button a,.a-last a,,,,
T,238,http://www.amazon.com/Python-Data-Analysis-Wes-McKinney/product-reviews/1449319793/ref=cm_cr_arp_d_paging_btm_12?ie=UTF8&showViewpoints=1&sortBy=bySubmissionDateDescending&pageNumber=12,a,UTF-8,#cm_cr-pagination_bar li:nth-child(1) a,.page-button a,,,,,
T,239,http://www.terraforums.com/forums/forum111/?s=6ef2dc853f8f83ceb07b30be0370bb0d,a,cp1252,,"#yui-gen82 .selected a , #threads .pagination a , #stickies .pagination a , span:nth-child(6) a , span:nth-child(7) a , span:nth-child(5) a , .selected+ span a , #yui-gen6 .selected a",.prev_next a,.first_last a,,,
T,240,http://www.terraforums.com/forums/north-american-sarracenia-conservancy/93602-pollinate-sarracenia-flower-2.html,a,cp1252,.prev_next a,"#yui-gen40 .selected a , #yui-gen6 .selected a , .prev_next+ span a",,,.first_last a,,
T,241,http://forum.flyordie.com/forum.jsp?forum=2&start=75&thRange=15,a,UTF-8,.forum:nth-child(2),"font+ font a , b+ .forum b , td td a+ a , .forum+ .forum b , img+ .forum b",.forum:nth-child(16),,,,
T,242,http://whengeekswed.com/blog/,a,UTF-8,,"#inner-wrap .page , .last",.last+ a,,,,
T,243,http://whengeekswed.com/blog/page/12/,a,UTF-8,.page-nav a:nth-child(1),".last , #inner-wrap .page , .first",.last+ a,,,,
T,244,http://whengeekswed.com/blog/page/91/,a,UTF-8,.page-nav a:nth-child(1),"#inner-wrap .page , .first",,,,,
T,245,https://playrust.com/page/4/,a,UTF-8,.prev,"li:nth-child(3) .page-numbers , li:nth-child(4) .page-numbers , .current , li:nth-child(6) .page-numbers , li:nth-child(7) .page-numbers , li:nth-child(8) .page-numbers , li:nth-child(10) .page-numbers , li:nth-child(2) .page-numbers",.next,,,,
T,246,https://facepunch.com/forumdisplay.php?f=415,a,cp1252,,"#threads .threadpagenav a , span:nth-child(15) a , span:nth-child(14) a , span:nth-child(13) a , span:nth-child(12) a , span:nth-child(11) a , span:nth-child(10) a , span:nth-child(9) a , span:nth-child(8) a , span:nth-child(7) a , span:nth-child(6) a , .selected a , .selected+ span a",.prev_next a,.first_last a,,,
T,247,http://facebookpostmarketing.blogspot.ru/,a,UTF-8,,"a:nth-child(8) , a:nth-child(7) , .current+ a",a:nth-child(9),,,,
T,248,http://www.juanmerodio.com/page/7/,a,UTF-8,.previouspostslink,#wp-pagenavibox .page,.nextpostslink,.last,.first,,
T,249,http://www.regtransfers.co.uk/content/marketing-your-business/most-expensive-240215-p2/,a,UTF-8,.social4i+ p a,#wordpresscontent p+ p a,,,,,
T,250,http://lnx.lazialita.com/category/notizia-del-giorno/,a,UTF-8,,,.next,,,,
T,251,http://www.rc-race-shop.de/product-featured.php?xploidid=4ra492h82a63dg4t0an2jupeb6,a,cp1252,,".pager li:nth-child(5) a , .pager li:nth-child(3) a",#switch_listing li:nth-child(7) a,,,,
T,252,http://www.rc-race-shop.de/product-featured.php?page=2,a,cp1252,.pager li:nth-child(1) a,"#switch_listing li:nth-child(7) a , .pager li:nth-child(3) a",#switch_listing li:nth-child(9) a,,,,
T,253,http://ediaryhiroko.com/?paged=2,a,UTF-8,.nav-previous a,,.nav-next a,,,,
T,254,http://ipribeh.cz/,a,UTF-8,.previous a,,,,,,
T,255,http://ipribeh.cz/page/3,a,UTF-8,.previous a,,.next a,,,,
T,256,http://indomotoblog.net/page/3/,a,UTF-8,.post+ a,,.post~ a+ a,,,1,
T,257,http://www.nostalgieimkinderzimmer.de/lieblingsmarken/jabadabado.html,a,UTF-8,,".pages li:nth-child(3) a , .current+ li a",.i-next .v-middle,,,,
T,258,http://www.nostalgieimkinderzimmer.de/lieblingsmarken/jabadabado.html?ajax=0&p=3,a,UTF-8,.i-previous .v-middle,.pages li+ li a,,,,,
T,259,http://www.annaoriona.ru/,a,UTF-8,,".pagination-active a , #sp-component li:nth-child(3) a , #sp-component li:nth-child(4) a , #sp-component li:nth-child(5) a , #sp-component li:nth-child(6) a , #sp-component li:nth-child(7) a , .pagination-active+ li a",#sp-component li:nth-child(8) a,#sp-component li:nth-child(9) a,,,
T,260,http://www.annaoriona.ru/?start=10,a,UTF-8,#sp-component li:nth-child(2) a,"#sp-component li:nth-child(4) a , #sp-component li:nth-child(5) a , #sp-component li:nth-child(6) a , #sp-component li:nth-child(7) a , .pagination-active a , .pagination-active+ li a , #sp-component li:nth-child(3) a",#sp-component li:nth-child(10) a,li:nth-child(11) a,#sp-component li:nth-child(1) a,,
T,261,http://washington.org/find-dc-listings/dc-events?start=14,a,UTF-8,.go-prev,.page-number a,.go-next,,,,
T,262,http://events.jacksonville.com/,a,UTF-8,,,.more-link a,,,,
T,263,http://events.jacksonville.com/events?date[value]&tid=All&page=1,a,UTF-8,.previous a,"#main-content li:nth-child(7) a , #main-content li:nth-child(8) a , #main-content li:nth-child(9) a , #main-content li:nth-child(10) a , #main-content li:nth-child(11) a , #main-content li:nth-child(6) a , .current+ li a , .previous+ li a",.next a,#main-content .last a,#main-content .first a,,
T,264,http://lahejsultan.com/index.asp,a,UTF-8,,,,,,,
T,265,http://taylormorriseyewear.com/shop/collection?limit=15&p=3,a,UTF-8,.i-previous,".pages li:nth-child(3) , .pages li:nth-child(2) , .current+ li",.current~ li+ li,,,,
T,266,http://taylormorriseyewear.com/shop/,a,UTF-8,,,,,,,
T,267,http://gamingshogun.com/page/398/,a,UTF-8,.prev,".page-numbers:nth-child(5) , .current+ .page-numbers , .page-numbers:nth-child(8) , .dots+ .page-numbers , .prev+ .page-numbers",.next,,,,
T,268,http://www.arcacenter.com.br/,a,UTF-8,,,,,,,
T,269,http://www.arcacenter.com.br/lancamentos.html,a,UTF-8,,".pages li:nth-child(5) a , .pages li:nth-child(4) a , .pages li:nth-child(3) a , .current+ li a",.i-next,,,,
T,270,http://www.arcacenter.com.br/lancamentos.html,a,UTF-8,.i-previous,.pages a,,,,1,
T,271,http://www.eordaialive.com/live/index.php,a,UTF-8,,".paginate:nth-child(13) , .paginate:nth-child(12) , .paginate:nth-child(11) , .paginate:nth-child(10) , .paginate:nth-child(9) , .paginate:nth-child(8) , .paginate:nth-child(7) , .paginate:nth-child(6) , .paginate:nth-child(5) , .paginate:nth-child(4) , .current_paginator+ .paginate",.paginate:nth-child(14),,,,
T,272,http://www.eordaialive.com/live/index.php?page=26&ipp=20&,a,UTF-8,.paginate:nth-child(1),".paginate:nth-child(13) , .paginate:nth-child(12) , .paginate:nth-child(11) , .paginate:nth-child(10) , .current_paginator+ .paginate , .paginate:nth-child(7) , .paginate:nth-child(6) , .paginate:nth-child(5) , .paginate:nth-child(4) , .paginate:nth-child(3) , .paginate:nth-child(14) , .paginate:nth-child(2)",.paginate:nth-child(15),,,,
T,273,http://www.eordaialive.com/live/news.php?lang=173&cat=154&newid=13066,a,UTF-8,,,,,,,
T,274,https://www.disfracesjarana.com/disfraces-adultos/disfraces-para-los-dos?categorylayout=0,a,UTF-8,#bottom-pagination-top .firstItem+ li a,"li:nth-child(12) a , #bottom-pagination-top li:nth-child(11) a , #bottom-pagination-top li:nth-child(10) a , #bottom-pagination-top li:nth-child(9) a , #bottom-pagination-top li:nth-child(8) a , #bottom-pagination-top li:nth-child(7) a , #bottom-pagination-top li:nth-child(6) a , #bottom-pagination-top li:nth-child(5) a , #bottom-pagination-top li:nth-child(3) a",.next a,#bottom-pagination-top .lastItem a,#bottom-pagination-top .firstItem a,,
T,275,https://www.disfracesjarana.com/disfraces-adultos/disfraces-para-los-dos/pareja-de-disfraces-de-vigilante-de-la-playa-y-tiburon.html,a,UTF-8,,,,,,,
T,276,https://disfracesjarana.com/blog/,a,UTF-8,,".dots+ .page-numbers , .page-numbers:nth-child(3) , .current+ .page-numbers",.next,,,,
T,277,https://disfracesjarana.com/blog/category/disfraces_jarana/page/62/,a,UTF-8,.prev,".page-numbers:nth-child(5) , .current+ .page-numbers , .page-numbers:nth-child(8) , .dots+ .page-numbers , .prev+ .page-numbers",.next,,,,
T,278,https://disfracesjarana.com/blog/2016/01/,a,UTF-8,,.current+ .page-numbers,.next,,,,
T,279,http://www.infor-ingen.com/,a,cp1252,,,,,,,
T,280,http://www.infor-ingen.cl/2014/index.php?route=product/category&path=127_130,a,cp1252,,"a:nth-child(7) , a:nth-child(6) , a:nth-child(5) , #brainyfilter-product-container a:nth-child(4) , #brainyfilter-product-container .links a:nth-child(3) , b+ a",a:nth-child(8),a:nth-child(9),,,
T,281,http://www.infor-ingen.cl/index.php?route=product/category&path=127_130&page=5,a,cp1252,#brainyfilter-product-container .links a:nth-child(2),"a:nth-child(9) , b+ a , a:nth-child(6) , a:nth-child(5) , #brainyfilter-product-container a:nth-child(4) , #brainyfilter-product-container .links a:nth-child(3)",a:nth-child(10),a:nth-child(11),#brainyfilter-product-container .links a:nth-child(1),,
T,282,http://www.towerrevo.jp/,a,UTF-8,,,,,,,
T,283,http://www.towerrevo.jp/date/2014/03/,a,UTF-8,,,,,,,
T,284,http://www.musicloops.com/,a,cp1252,,,.next,,,,
T,285,http://www.icelandair.no/,a,UTF-8,,,,,,,
T,286,http://www.icelandair.no/nyheter/,a,UTF-8,,.paginationPageLink a,.paginationLink a,,,,
T,287,http://ecochildsplay.com/category/parenting/page/148/,a,UTF-8,.pagination-previous a,.pagination li+ li a,,,,,
T,288,http://ecochildsplay.com/2008/01/05/acting-green-by-acting-retro-%E2%80%93-food-storage-the-old-fashioned-way/#comments,a,UTF-8,,,,,,,
T,289,http://ecochildsplay.com/2014/11/page/2/,a,UTF-8,.pagination-previous a,".active a , .pagination-previous+ li a",,,,,
T,290,http://www.modaynovias.net/,a,UTF-8,,.page,.nextpostslink,.last,,,
T,291,http://www.modaynovias.net/page/20,a,UTF-8,.previouspostslink,.page,.nextpostslink,.last,.first,,
T,292,http://www.modaynovias.net/consigue-unas-unas-con-esmalte-reptil.html#more-5969,a,UTF-8,,,,,,,
T,293,http://www.thefrumps.com/comic/2013/01/24/highlander-fights,a,UTF-8,.comic-nav-previous,,.comic-nav-next,.comic-nav-last,.comic-nav-first,,
T,294,http://www.thefrumps.com/comic/chapter/comics,a,UTF-8,,"li:nth-child(6) a , #paginav li:nth-child(5) a , #paginav li:nth-child(4) a , .paginav-current+ li a",.paginav-next a,.paginav-next+ li a,,,
T,295,http://www.thefrumps.com/comic/chapter/comics/page/24,a,UTF-8,.paginav-previous a,".paginav-current+ li a , li:nth-child(8) a , #paginav li:nth-child(5) a , .paginav-previous+ li a",.paginav-next a,.paginav-next+ li a,.paginav-pages+ li a,,
T,296,http://www.thefrumps.com/store,a,UTF-8,,,,,,,
T,297,http://kijonan.com/archives/cat_103640.html,a,UTF-8,,.paging-number a,.paging-next a,.paging-last a,,,
T,298,http://kijonan.com/archives/cat_103640.html?p=9,a,UTF-8,.paging-prev a,.paging-number a,.paging-next a,.paging-last a,.paging-first a,,
T,299,http://www.masterhorologer.com/,a,UTF-8,#Blog1_blog-pager-older-link,,,,,,
T,300,http://www.masterhorologer.com/search?updated-max=2016-03-18T11:07:00-05:00&max-results=1,a,UTF-8,#Blog1_blog-pager-older-link,,#Blog1_blog-pager-newer-link,,,,
T,301,http://www.masterhorologer.com/search?updated-max=2016-03-18T09:57:00-05:00&max-results=1&start=2&by-date=false,a,UTF-8,#Blog1_blog-pager-older-link,,#Blog1_blog-pager-newer-link,,,,
T,302,http://www.fashionlush.com/,a,UTF-8,,".dots+ .page-numbers , .current+ .page-numbers",.next,,,,
T,303,http://www.fashionlush.com/page/172/,a,UTF-8,.prev,".dots+ .page-numbers , .current+ .page-numbers , .prev+ .page-numbers",.next,,,,
T,304,http://pulsimo.com/,a,cp1252,,,,,,,
T,305,http://educationhp.org/resource_manager.aspx,a,UTF-8,,,,,,,
T,306,http://hindutvaonline.co.in/,a,UTF-8,.nav-previous a,,,,,,
T,307,http://hindutvaonline.co.in/page/2/,a,UTF-8,.nav-previous a,,.nav-next a,,,,
T,308,http://hindutvaonline.co.in/page/3/,a,UTF-8,.nav-previous a,,.nav-next a,,,,
T,309,http://jslcae.com/,a,UTF-8,,,,,,,
T,310,http://jslcae.com/huiyuanfuwu/huodongzhuanqu/,a,UTF-8,,.thisclass+ li a,#sunpage li:nth-child(4) a,#sunpage li:nth-child(5) a,,,
T,311,http://jslcae.com/xingyexinwen/list_48_2.html,a,UTF-8,#sunpage li:nth-child(2) a,".thisclass+ li a , #sunpage li:nth-child(3) a",#sunpage li:nth-child(6) a,#sunpage li:nth-child(7) a,#sunpage li:nth-child(1) a,,
T,312,http://www.pcbheaven.com/opendir/?p=1,a,cp1252,li:nth-child(1) .prevnext,li+ li a,a+ li .prevnext,,,,
T,313,http://www.dibru.ac.in/,a,UTF-8,,,,,,,
T,314,http://www.dibru.ac.in/index.php/news-events?limit=10&start=80,a,UTF-8,#adminForm li:nth-child(2) a,"#adminForm li:nth-child(4) a , #adminForm li:nth-child(5) a ,#adminForm li:nth-child(6) a ,#adminForm li:nth-child(7) a , #adminForm li:nth-child(8) a ,#adminForm li:nth-child(9) a ,#adminForm .active+ li a ,#adminForm li:nth-child(12) a , #adminForm li:nth-child(3) a",#adminForm li:nth-child(13) a,#adminForm li:nth-child(14) a,#adminForm li:nth-child(1) a,,
T,315,http://aussiev8.com.au/,a,cp1252,,,,,,,
T,316,http://www.aussiev8.com.au/comedy-central/,a,cp1252,,"#threads .pagination a , #yui-gen9 .selected a , .selected+ span a , span:nth-child(5) a , span:nth-child(6) a , span:nth-child(7) a , span:nth-child(8) a , #stickies .pagination a",.prev_next a,.first_last a,,,
T,317,http://www.aussiev8.com.au/comedy-central/index53.html,a,cp1252,.first_last+ .prev_next a,"#threads .pagination a , #stickies .pagination a , span:nth-child(15) a , span:nth-child(14) a , span:nth-child(13) a , .selected+ span a , span:nth-child(10) a , span:nth-child(9) a , span:nth-child(8) a , span:nth-child(7) a , span:nth-child(6) a",.separator+ .prev_next a,.prev_next+ .first_last a,.first_last:nth-child(3) a,,
T,318,http://www.baldur-garten.ch/,a,UTF-8,,,,,,,
T,319,http://www.baldur-garten.ch/search/result.html?query=*&filter=Farbe&option=mehrfarbig,a,UTF-8,,.paginator a,,,,,
T,320,http://www.baldur-garten.ch/search/result.html?page=8&pageSize=32,a,UTF-8,,.paginator a,,,,,
T,321,http://www.baldur-nederland.nl/unterkategorie/Blumenstauden/Vaste+planten/Bloeiende+struiken/detail.html,a,UTF-8,,.paginator a,,,,,
T,322,http://www.baldur-nederland.nl/unterkategorie/Blumenstauden/Vaste+planten/Bloeiende+struiken/detail.html?page=4&pageSize=32,a,UTF-8,,.paginator a,,,,,
T,323,https://community.myfitnesspal.com/en/discussions/p5,a,UTF-8,.NumberedPager a.Previous,.NumberedPager a:nth-child(n+2):nth-last-child(n+3),.NumberedPager a.Next,,,,
T,324,https://community.myfitnesspal.com/en/discussions/p20,a,UTF-8,.NumberedPager a.Previous,.NumberedPager a:nth-child(n+2):nth-last-child(n+3),.NumberedPager a.Next,,,,
